STN--- ,WBAN  , YEAR,MO,DA  ,  TEMP ,    ,  DEWP ,    _1, SLP   ,    _2, STP   ,    _3,VISIB ,    _4, WDSP ,    _5,MXSPD  , GUST  ,  MAX   ,  MIN   ,PRCP   ,SNDP   ,F,R,S,H,T,T_6
724050,13743,2023,1,1,53.2,24,48.5,24,1014.9,19,1012.5,20,7.2,24,4.8,24,8,999.9,  62.1  ,  41.0  , 0.18G ,999.9,1,1,0,0,0,0
724050,13743,2023,1,2,49.3,24,43.5,24,1019.4,24,1017.1,24,10,24,4.2,24,8,999.9,  64.0  ,  39.0  , 0.00G ,999.9,0,0,0,0,0,0
724050,13743,2023,1,3,57,24,50.6,24,1015.8,24,1013.7,24,9.7,24,8,24,15.9,25.1,  69.1  ,  39.0  , 0.00G ,999.9,0,1,0,0,0,0
724050,13743,2023,1,4,60.6,24,54.2,24,1010.6,24,1008.3,24,10,24,8.3,24,15,22,  69.1  ,  48.9  , 0.00G ,999.9,0,0,0,0,0,0
724050,13743,2023,1,5,58,24,49.2,24,1012.6,23,1010.1,24,10,24,5.1,24,11.1,999.9,  64.9  ,  50.0  , 0.00G ,999.9,1,0,0,0,0,0
724050,13743,2023,1,6,49.6,24,35,24,1016.4,24,1014,24,10,24,8.7,24,19,28.9,  64.9  ,  46.0  , 0.00G ,999.9,0,0,0,0,0,0
724050,13743,2023,1,7,45.1,24,27,24,1023.8,24,1021.4,24,10,24,7.6,24,14,20,  54.0  ,  39.0  , 0.00G ,999.9,0,0,0,0,0,0
724050,13743,2023,1,8,38.7,24,25.9,24,1027.2,24,1024.9,24,10,24,6.4,24,13,999.9,  52.0  ,  32.0  , 0.00G ,999.9,0,0,0,0,0,0
724050,13743,2023,1,9,42.2,24,30.8,24,1017.8,21,1015.7,24,9.5,24,8.8,24,15,27,  51.1  ,  32.0  , 0.01G ,999.9,0,1,1,0,0,0
724050,13743,2023,1,10,40.6,24,24.7,24,1018.7,24,1016.4,24,10,24,4.5,24,8.9,15.9,  51.1  ,  32.0  , 0.00G ,999.9,0,0,0,0,0,0
724050,13743,2023,1,11,39.9,24,30.5,24,1021.3,24,1019,24,9.7,24,4.2,24,9.9,999.9,  48.9  ,  32.0  , 0.00G ,999.9,0,0,0,0,0,0
724050,13743,2023,1,12,45.2,24,39.6,24,1017.9,23,1015.9,24,9.8,24,3.3,24,7,999.9,  53.1  ,  32.0  , 0.02G ,999.9,0,1,0,0,0,0
724050,13743,2023,1,13,51.1,24,42.3,24,1005.7,19,1002.7,24,9.3,24,12,24,20,29.9,  55.9  ,  39.9  , 0.39G ,999.9,0,1,0,0,0,0
724050,13743,2023,1,14,37.8,24,24.5,24,1011.6,24,1009.3,24,10,24,17,24,22,29.9,  55.0  ,  35.1  , 0.24G ,999.9,0,0,0,0,0,0
724050,13743,2023,1,15,35.5,24,19.8,24,1018.3,24,1016,24,10,24,13.7,24,20,28,  46.9  ,  28.9  , 0.00G ,999.9,0,0,0,0,0,0
724050,13743,2023,1,16,40.7,24,16.1,24,1017.6,24,1015.3,24,10,24,8.3,24,13,19,  55.9  ,  28.9  , 0.00G ,999.9,0,0,0,0,0,0
724050,13743,2023,1,17,41.9,24,32.4,24,1009.5,23,1007,24,9.7,24,3,24,7,999.9,  55.9  ,  28.9  , 0.00G ,999.9,0,1,0,0,0,0
724050,13743,2023,1,18,47.4,24,40.1,24,1011.1,22,1008,24,7.8,24,5.9,24,13,21,  60.1  ,  37.9  , 0.05G ,999.9,1,0,0,0,0,0
724050,13743,2023,1,19,45.1,24,37.6,24,1015.3,21,1012.1,24,9.3,24,4.1,24,9.9,999.9,  60.1  ,  39.0  , 0.00G ,999.9,0,1,0,0,0,0
724050,13743,2023,1,20,46.6,24,35.9,24,1009.3,20,1004,18,7.5,24,8.8,24,21,29.9,  52.0  ,  41.0  , 0.09G ,999.9,1,1,0,0,0,0
724050,13743,2023,1,21,42.3,24,25.9,24,1021.1,24,9999.9,0,10,24,8.3,24,13,25.1,  52.0  ,  39.0  , 0.00G ,999.9,0,0,0,0,0,0
724050,13743,2023,1,22,38,24,30.9,24,1021,22,1018,24,9.1,24,3.1,24,8.9,999.9,  44.1  ,  33.1  , 0.00G ,999.9,0,1,0,0,0,0
724050,13743,2023,1,23,41.9,24,35.2,24,1009,19,1005.7,24,8.3,24,10.6,24,22,29.9,  46.9  ,  33.1  , 0.32G ,999.9,0,1,0,0,0,0
724050,13743,2023,1,24,41.8,24,25.3,24,1022.2,24,1019.8,24,10,24,6.9,24,13,22,  52.0  ,  33.1  , 0.01G ,999.9,0,0,0,0,0,0
724050,13743,2023,1,25,39.9,24,32.4,24,1022.6,20,1018.9,24,7.9,24,5.2,24,9.9,15,  52.0  ,  33.1  , 0.00G ,999.9,0,1,1,0,0,0
724050,13743,2023,1,26,45.5,24,35.2,24,1007,22,1004.1,17,9.2,24,7.5,24,19,29.9,  50.0  ,  36.0  , 0.56G ,999.9,0,1,0,0,0,0
724050,13743,2023,1,27,40.8,24,21.5,24,1019.2,24,9999.9,0,10,24,6.5,24,13,19,  50.0  ,  32.0  , 0.00G ,999.9,0,0,0,0,0,0
724050,13743,2023,1,28,42.6,24,25.1,24,1024.4,24,1022.1,24,10,24,7.4,24,12,17.1,  57.9  ,  32.0  , 0.00G ,999.9,0,0,0,0,0,0
724050,13743,2023,1,29,45,24,33.7,24,1024.5,24,1022.5,22,9.9,24,7.4,24,12,999.9,  57.9  ,  34.0  , 0.00G ,999.9,0,1,0,0,0,0
724050,13743,2023,1,30,48,24,40.9,24,1021.8,24,1019.7,23,9.9,24,3,24,8,999.9,  61.0  ,  39.9  , 0.03G ,999.9,0,0,0,0,0,0
724050,13743,2023,1,31,43.7,24,39,24,1021,21,1019.1,23,8.8,24,6.8,24,13,999.9,  50.0* ,  37.4* , 0.00G ,999.9,0,1,0,0,0,0
724050,13743,2023,2,1,36.7,24,25.6,24,1025.3,20,1022.7,24,9.1,24,9,24,14,999.9,  48.0  ,  33.1  , 0.21G ,999.9,0,1,1,0,0,0
724050,13743,2023,2,2,35.6,24,18.9,24,1024.1,24,1021.8,24,10,24,3.9,24,9.9,999.9,  42.1  ,  30.9  , 0.04G ,999.9,0,0,0,0,0,0
724050,13743,2023,2,3,35.2,24,17.5,24,1019.1,22,1015.8,24,10,24,13.4,24,25.1,38.1,  48.0  ,  25.0  , 0.00G ,999.9,0,0,0,0,0,0
724050,13743,2023,2,4,22.7,24,0.2,24,1035.5,24,1033.2,24,10,24,10.5,24,21,34,  41.0  ,  16.0  , 0.00G ,999.9,0,0,0,0,0,0
724050,13743,2023,2,5,40.3,24,17,24,1025.1,24,1022.8,24,10,24,11.1,24,15.9,27,  59.0  ,  16.0  , 0.00G ,999.9,0,0,0,0,0,0
724050,13743,2023,2,6,49.6,24,33,24,1017.3,24,1015,24,10,24,10.6,24,18.1,24.1,  59.0  ,  33.1  , 0.00G ,999.9,0,0,0,0,0,0
724050,13743,2023,2,7,40.7,24,30,24,1026.1,24,1023.8,24,9.7,24,6.5,24,12,999.9,  55.0  ,  30.9  , 0.00G ,999.9,0,0,0,0,0,0
724050,13743,2023,2,8,52.4,24,35.7,24,1022.3,24,1020,24,9.9,24,4.4,24,13,18.1,  66.9  ,  30.9  , 0.00G ,999.9,0,0,0,0,0,0
724050,13743,2023,2,9,53,24,39.8,24,1021.7,24,1019.3,24,10,24,5.3,24,14,999.9,  66.9  ,  43.0  , 0.00G ,999.9,0,1,0,0,0,0
724050,13743,2023,2,10,59.8,24,42.5,24,1013.8,24,1011.5,24,10,24,12.1,24,19,27,  64.9  ,  44.1  , 0.00G ,999.9,0,0,0,0,0,0
724050,13743,2023,2,11,46.9,24,24,24,1024.7,24,1022.4,24,10,24,8.8,24,15.9,25.1,  64.9  ,  39.9  , 0.00G ,999.9,0,0,0,0,0,0
724050,13743,2023,2,12,40.6,24,29.6,24,1020.3,20,1018,24,8.7,24,5.5,24,15.9,26,  52.0  ,  37.9  , 0.00G ,999.9,0,1,1,0,0,0
724050,13743,2023,2,13,45.2,24,27.1,24,1006.8,24,1004.5,24,9.5,24,11.3,24,15,19,  59.0  ,  37.0  , 0.83G ,999.9,0,1,0,0,0,0
724050,13743,2023,2,14,47.7,24,28.6,24,1015.6,24,1013.3,24,10,24,5,24,8.9,999.9,  60.1  ,  37.0  , 0.02G ,999.9,0,0,0,0,0,0
724050,13743,2023,2,15,54.1,24,37.8,24,1018.4,24,1016.2,24,10,24,10,24,15,26,  69.1  ,  37.0  , 0.00G ,999.9,0,1,0,0,0,0
724050,13743,2023,2,16,56.1,24,48,24,1016.1,23,1013.9,24,9.3,24,6,24,12,19,  69.1  ,  45.0  , 0.01G ,999.9,1,1,0,0,0,0
724050,13743,2023,2,17,55.1,24,50.1,24,1009,20,1006,24,8.2,24,10.4,24,25.1,42.9,  63.0  ,  39.9  , 0.51G ,999.9,1,1,0,0,0,0
724050,13743,2023,2,18,36.6,24,17,24,1026.2,24,1024,24,10,24,11.7,24,22,40,  46.9* ,  28.9* , 0.37G ,999.9,0,0,0,0,0,0
724050,13743,2023,2,19,45.7,24,28.2,24,1025.7,24,1023.4,24,10,24,8.9,24,18.1,28,  62.1  ,  28.0  , 0.00G ,999.9,0,0,0,0,0,0
724050,13743,2023,2,20,53.2,24,42.8,24,1010.5,24,1008.1,24,10,24,8.3,24,13,22,  62.1  ,  37.0  , 0.00G ,999.9,0,0,0,0,0,0
724050,13743,2023,2,21,53.5,24,41.4,24,1004.3,24,1001.8,24,10,24,6.4,24,19,28.9,  64.0  ,  44.1  , 0.01G ,999.9,0,1,0,0,0,0
724050,13743,2023,2,22,50.1,24,29.4,24,1015.6,24,1013.3,24,10,24,5.6,24,11.1,15.9,  64.0  ,  43.0  , 0.02B ,999.9,0,1,0,0,0,0
724050,13743,2023,2,23,54.5,24,43.8,24,1011.4,24,1009.1,24,9.8,24,3.9,24,9.9,999.9,  81.0  ,  43.0  , 0.00A ,999.9,0,0,0,0,0,0
724050,13743,2023,2,24,58.4,24,33.7,24,1020.2,24,1017.8,24,10,24,11,24,24.1,36.9,  81.0  ,  45.0  , 0.00G ,999.9,0,0,0,0,0,0
724050,13743,2023,2,25,38.4,24,22.2,24,1030,23,1027.8,24,9.3,24,8.6,24,17.1,22.9,  48.0* ,  34.0* , 0.00G ,999.9,0,1,1,0,0,0
724050,13743,2023,2,26,41.5,24,35.2,24,1016.8,21,1015.4,24,9.5,24,6.6,24,12,19,  54.0  ,  34.0  , 0.01G ,999.9,0,0,0,0,0,0
724050,13743,2023,2,27,47.6,24,32.7,24,1012.6,24,1010.3,24,10,24,5.8,24,11.1,22,  54.0  ,  37.0  , 0.00G ,999.9,0,1,0,0,0,0
724050,13743,2023,2,28,47.5,24,40.4,24,1004.5,21,1001.5,23,8.7,24,6.7,24,13,15,  64.0  ,  37.0  , 0.28G ,999.9,0,1,0,0,0,0
724050,13743,2023,3,1,48.6,24,39,24,1017.7,24,1015.4,20,9.2,24,6.4,24,14,999.9,  64.0  ,  39.9  , 0.01G ,999.9,0,0,0,0,0,0
724050,13743,2023,3,2,54.2,24,46.2,24,1007.9,24,1005.5,24,9.9,24,6.4,24,11.1,18.1,  66.0* ,  48.0* , 0.05G ,999.9,0,1,0,0,1,0
724050,13743,2023,3,3,46.7,24,34.3,24,1013.5,20,1011,24,8.8,24,8.2,24,15,21,  66.9  ,  41.0  , 0.13B ,999.9,0,1,1,0,0,0
724050,13743,2023,3,4,49.1,24,37.5,24,1002.5,24,999.3,24,9.4,24,11.9,24,24.1,36.9,  59.0  ,  41.0  , 0.32G ,999.9,0,1,0,0,0,0
724050,13743,2023,3,5,50.1,24,32.3,24,1020.1,24,1017.8,24,10,24,7.4,24,18.1,27,  66.0  ,  37.0  , 0.00G ,999.9,0,0,0,0,0,0
724050,13743,2023,3,6,49.7,24,30,24,1022.6,24,1020.3,24,10,24,4.6,24,8.9,999.9,  66.0  ,  37.0  , 0.00G ,999.9,0,0,0,0,0,0
724050,13743,2023,3,7,47.2,24,28.8,24,1012.8,24,1010.3,24,10,24,10.9,24,22.9,39,  57.9  ,  39.9  , 0.00G ,999.9,0,0,0,0,0,0
724050,13743,2023,3,8,43.8,24,18.5,24,1023.1,24,1020.8,24,10,24,15.8,24,20,29.9,  55.0  ,  35.1  , 0.00G ,999.9,0,0,0,0,0,0
724050,13743,2023,3,9,46,24,26.5,24,1024.3,24,1022,24,10,24,9.2,24,14,18.1,  57.0  ,  35.1  , 0.00G ,999.9,0,0,0,0,0,0
724050,13743,2023,3,10,44.5,24,34.3,24,1018,21,1014.6,24,8.7,24,5.1,24,9.9,999.9,  57.0  ,  36.0  , 0.00G ,999.9,0,1,0,0,0,0
724050,13743,2023,3,11,43.4,24,29.9,24,1009.4,24,1007,24,10,24,13.1,24,22.9,32.1,  50.0  ,  39.0  , 0.19G ,999.9,0,0,0,0,0,0
724050,13743,2023,3,12,38.7,24,27.5,24,1016.7,24,1014.4,24,10,24,7,24,15.9,24.1,  50.0  ,  33.1  , 0.00G ,999.9,0,1,0,0,0,0
724050,13743,2023,3,13,42.2,24,37.1,24,1012.4,16,1010.6,24,8.1,24,4.1,24,13,999.9,  51.1  ,  33.1  , 0.07G ,999.9,0,1,0,0,0,0
724050,13743,2023,3,14,40.3,24,20.5,24,1011.7,24,1009.5,24,10,24,16,24,25.1,40,  51.1  ,  36.0  , 0.03G ,999.9,0,0,1,0,0,0
724050,13743,2023,3,15,39.5,24,15.5,24,1017.2,24,1014.9,24,10,24,16.3,24,22.9,39,  52.0  ,  33.1  , 0.00G ,999.9,0,0,0,0,0,0
724050,13743,2023,3,16,48,24,16.2,24,1020,24,1017.7,24,10,24,7.9,24,14,18.1,  64.9  ,  33.1  , 0.00G ,999.9,0,0,0,0,0,0
724050,13743,2023,3,17,53.9,24,34.2,24,1008.8,24,1006.5,24,9.8,24,9.8,24,17.1,25.1,  64.9  ,  34.0  , 0.00G ,999.9,0,1,0,0,0,0
724050,13743,2023,3,18,50.2,24,30.1,24,1008.5,24,1006,24,9.9,24,11.6,24,21,31.1,  62.1  ,  41.0  , 0.02G ,999.9,0,1,0,0,0,0
724050,13743,2023,3,19,38.5,24,10.8,24,1019.3,24,1017,24,10,24,12.5,24,17.1,27,  54.0  ,  28.9  , 0.00G ,999.9,0,0,0,0,0,0
724050,13743,2023,3,20,39.6,24,13.6,24,1026.9,24,1024.6,24,10,24,5.7,24,11.1,15,  53.1  ,  28.9  , 0.00G ,999.9,0,0,0,0,0,0
724050,13743,2023,3,21,46.5,24,23.3,24,1028.7,24,1026.4,23,10,24,5.4,24,8.9,999.9,  64.0  ,  30.0  , 0.00G ,999.9,0,0,0,0,0,0
724050,13743,2023,3,22,54.8,24,30.3,24,1027,24,1024.6,24,10,24,9.4,24,15.9,25.1,  68.0  ,  34.0  , 0.00G ,999.9,0,0,0,0,0,0
724050,13743,2023,3,23,61.1,24,46,24,1016.8,24,1014.5,24,10,24,9.3,24,14,26,  84.0  ,  48.0  , 0.00G ,999.9,0,1,0,0,0,0
724050,13743,2023,3,24,60.5,24,51.1,24,1012.5,22,1010.5,24,9.2,24,8.5,24,17.1,22.9,  84.0  ,  46.0  , 0.00G ,999.9,0,1,0,0,0,0
724050,13743,2023,3,25,46.2,24,42.7,24,1012.1,16,1010.1,24,8,24,5.5,24,15,999.9,  53.1* ,  43.0* , 0.73G ,999.9,0,1,0,0,0,0
724050,13743,2023,3,26,56.8,24,38.5,24,1013.1,21,1010,24,6.9,24,5.8,24,13,24.1,  71.1  ,  44.1  , 0.20G ,999.9,1,0,0,0,0,0
724050,13743,2023,3,27,55.3,24,43.7,24,1014.3,23,1012.1,24,9.6,24,4.2,24,9.9,999.9,  71.1  ,  46.0  , 0.00G ,999.9,0,1,0,0,0,0
724050,13743,2023,3,28,53.8,24,40.3,24,1017.8,24,1015.4,23,10,24,7.8,24,14,22,  61.0  ,  46.0  , 0.02G ,999.9,0,0,0,0,0,0
724050,13743,2023,3,29,51.9,24,30.2,24,1020.9,24,1018.5,24,10,24,6.3,24,12,999.9,  61.0  ,  43.0  , 0.00G ,999.9,0,1,0,0,0,0
724050,13743,2023,3,30,47.6,24,24,24,1024.9,24,1022.2,20,10,24,9.3,24,21,33,  61.0  ,  37.0  , 0.00G ,999.9,0,0,0,0,0,0
724050,13743,2023,3,31,51.9,24,36.3,24,1023.6,24,1022,23,10,24,9.8,24,24.1,35,  66.9  ,  37.0  , 0.00G ,999.9,0,0,0,0,0,0
724050,13743,2023,4,1,65.3,24,55.5,24,1004.4,21,1005.6,10,9.9,24,14.7,24,24.1,36.9,  75.9* ,  60.1* , 0.07G ,999.9,0,1,0,0,1,0
724050,13743,2023,4,2,52.3,24,30.5,24,1012.6,24,9999.9,0,10,24,17,24,32.1,49,  78.1  ,  46.9  , 0.18G ,999.9,0,1,0,0,0,0
724050,13743,2023,4,3,54.4,24,36.6,24,1018.7,24,1015.8,17,10,24,7.8,24,20,27,  72.0  ,  42.1  , 0.00G ,999.9,0,0,0,0,0,0
724050,13743,2023,4,4,65.6,24,50.3,24,1015.3,24,1013,24,10,24,8.4,24,11.1,21,  79.0  ,  42.1  , 0.00G ,999.9,0,0,0,0,0,0
724050,13743,2023,4,5,71.7,24,59.8,24,1017.6,24,1015.3,24,10,24,7.5,24,18.1,25.1,  87.1  ,  55.9  , 0.00G ,999.9,0,0,0,0,0,0
724050,13743,2023,4,6,76,24,61,24,1018.8,23,1016.5,24,10,24,7.7,24,27,42.9,  87.1  ,  59.0  , 0.00G ,999.9,0,1,0,0,0,0
724050,13743,2023,4,7,57.1,24,36.1,24,1027.4,23,1025.3,24,10,24,9.5,24,17.1,25.1,  68.0* ,  51.1* , 0.03G ,999.9,0,1,0,0,0,0
724050,13743,2023,4,8,50,24,27.5,24,1031.4,24,1029.1,24,10,24,7.9,24,17.1,22,  59.0  ,  45.0  , 0.01G ,999.9,0,0,0,0,0,0
724050,13743,2023,4,9,50.8,24,28.5,24,1031.4,24,1029,24,10,24,4.5,24,8,999.9,  63.0  ,  39.9  , 0.00G ,999.9,0,0,0,0,0,0
724050,13743,2023,4,10,53.3,24,30.8,24,1031.8,24,1029.4,24,10,24,5.8,24,9.9,999.9,  64.9  ,  39.9  , 0.00G ,999.9,0,0,0,0,0,0
724050,13743,2023,4,11,58.8,24,33.1,24,1025.3,24,1022.9,24,10,24,7.1,24,11.1,18.1,  79.0  ,  41.0  , 0.00G ,999.9,0,0,0,0,0,0
724050,13743,2023,4,12,69.2,24,43.3,24,1016.7,24,1014.4,24,10,24,8.2,24,15,24.1,  86.0  ,  44.1  , 0.00G ,999.9,0,0,0,0,0,0
724050,13743,2023,4,13,71.4,24,47.2,24,1014.1,24,1011.8,24,10,24,5.3,24,9.9,17.1,  88.0  ,  54.0  , 0.00G ,999.9,0,0,0,0,0,0
724050,13743,2023,4,14,69.4,24,53,24,1012.7,24,1010.4,24,10,24,7.6,24,13,999.9,  88.0  ,  55.9  , 0.00G ,999.9,0,0,0,0,0,0
724050,13743,2023,4,15,68.7,24,63,24,1011.2,18,1009.1,24,9.5,24,5.6,24,13,20,  81.0  ,  60.1  , 0.02G ,999.9,0,1,0,0,1,0
724050,13743,2023,4,16,69.7,24,61.4,24,1009.5,24,1007.2,24,10,24,6.2,24,12,999.9,  81.0  ,  60.1  , 0.51G ,999.9,0,0,0,0,0,0
724050,13743,2023,4,17,65,24,44.6,24,1004.9,22,1002.6,24,10,24,10.7,24,19,29.9,  81.0  ,  55.9  , 0.01G ,999.9,0,1,0,0,0,0
724050,13743,2023,4,18,60.8,24,31,24,1008.2,24,1005.9,24,10,24,9.6,24,15.9,27,  75.0  ,  46.9  , 0.00I ,999.9,0,0,0,0,0,0
724050,13743,2023,4,19,59.5,24,34.1,24,1017.2,24,1015.1,24,10,24,6.7,24,12,15.9,  75.9  ,  45.0  , 0.00G ,999.9,0,0,0,0,0,0
724050,13743,2023,4,20,68,24,50.3,24,1019.9,24,1017.5,24,9.9,24,4.1,24,8.9,999.9,  86.0  ,  45.0  , 0.00G ,999.9,0,0,0,0,0,0
724050,13743,2023,4,21,71.5,24,55.9,24,1015.9,24,1013.6,24,9.7,24,6.2,24,12,999.9,  88.0  ,  55.0  , 0.00G ,999.9,0,0,0,0,0,0
724050,13743,2023,4,22,68.6,24,54.7,24,1010.2,23,1007.8,23,9.6,24,10.6,24,27,38.1,  88.0  ,  57.9  , 0.00G ,999.9,0,1,0,0,1,0
724050,13743,2023,4,23,58.9,24,45.6,24,1012.8,24,1010.5,24,9.9,24,7.9,24,15.9,22.9,  73.9  ,  52.0  , 0.64G ,999.9,0,1,0,0,0,0
724050,13743,2023,4,24,53.1,24,30.1,24,1019.2,24,1016.8,24,10,24,9.4,24,15,22.9,  66.0  ,  46.0  , 0.00G ,999.9,0,0,0,0,0,0
724050,13743,2023,4,25,53.3,24,30.6,24,1022.2,24,1019.9,24,10,24,7.2,24,15,18.1,  62.1  ,  44.1  , 0.00G ,999.9,0,0,0,0,0,0
724050,13743,2023,4,26,56.3,24,41.8,24,1022,24,1019.6,24,10,24,4.7,24,8.9,999.9,  68.0  ,  44.1  , 0.00G ,999.9,0,1,0,0,0,0
724050,13743,2023,4,27,60,24,48.7,24,1020.1,24,1017.7,24,10,24,5.7,24,14,999.9,  72.0  ,  46.0  , 0.01G ,999.9,0,0,0,0,0,0
724050,13743,2023,4,28,57.7,24,53.6,24,1015.7,16,1012.8,24,6.6,24,12.4,24,22,33,  72.0  ,  52.0  , 0.16G ,999.9,0,1,0,0,0,0
724050,13743,2023,4,29,58.6,24,54.4,24,1008.9,21,1006.6,24,6.8,24,6.2,24,13,999.9,  66.9  ,  54.0  , 1.40G ,999.9,0,1,0,0,0,0
724050,13743,2023,4,30,62,24,58.2,24,1001,16,997.7,22,8,24,6.7,24,15,26,  66.9  ,  55.0  , 0.11G ,999.9,0,1,0,0,1,0
724050,13743,2023,5,1,57.1,24,40.2,24,994.8,24,992.5,24,10,24,12,24,21,28.9,  66.0  ,  50.0  , 0.40G ,999.9,0,0,0,0,0,0
724050,13743,2023,5,2,54.6,24,40,24,997.6,24,995.3,24,9.9,24,9,24,15,24.1,  62.1  ,  48.9  , 0.00G ,999.9,0,1,0,0,0,0
724050,13743,2023,5,3,52.3,24,37.5,24,1001.1,24,998.7,24,10,24,8,24,15.9,32.1,  59.0  ,  48.9  , 0.01G ,999.9,0,1,0,0,0,0
724050,13743,2023,5,4,53.9,24,40.2,24,1010.7,24,1008.4,24,10,24,8.4,24,12,18.1,  64.0  ,  46.9  , 0.00A ,999.9,0,0,0,0,0,0
724050,13743,2023,5,5,58.8,24,43.5,24,1021,24,1018.6,24,10,24,6.2,24,11.1,15.9,  72.0  ,  46.9  , 0.00G ,999.9,0,0,0,0,0,0
724050,13743,2023,5,6,62.1,24,45.4,24,1024.5,24,1022.2,24,10,24,4,24,8,15.9,  75.0  ,  46.9  , 0.00G ,999.9,0,0,0,0,0,0
724050,13743,2023,5,7,63,24,53.7,24,1018.8,24,1016.5,24,10,24,5.2,24,8.9,999.9,  75.0  ,  48.9  , 0.00G ,999.9,0,1,0,0,0,0
724050,13743,2023,5,8,69.6,24,60.5,24,1010.3,24,1008,24,8.5,24,6,24,11.1,18.1,  84.0  ,  55.0  , 0.02G ,999.9,0,0,0,0,0,0
724050,13743,2023,5,9,66.2,24,53.2,24,1012.9,24,1010.7,24,10,24,5.3,24,8.9,999.9,  84.0  ,  60.1  , 0.06G ,999.9,0,1,0,0,0,0
724050,13743,2023,5,10,61.3,24,45.7,24,1020.6,24,1018.3,24,10,24,3.1,24,7,999.9,  73.0  ,  51.1  , 0.04G ,999.9,0,0,0,0,0,0
724050,13743,2023,5,11,64.7,24,52.4,24,1021.2,24,1018.9,24,10,24,4.5,24,11.1,999.9,  78.1  ,  51.1  , 0.00G ,999.9,0,0,0,0,0,0
724050,13743,2023,5,12,70.7,24,59.6,24,1019.3,24,1017,24,10,24,4.1,24,11.1,999.9,  84.9  ,  53.1  , 0.00G ,999.9,0,0,0,0,0,0
724050,13743,2023,5,13,70.2,24,63.4,24,1017.5,23,1015.2,24,9.4,24,6.1,24,13,999.9,  84.9  ,  60.1  , 0.00G ,999.9,0,1,0,0,0,0
724050,13743,2023,5,14,67.8,24,51.7,24,1021.2,24,1018.9,24,10,24,6.6,24,11.1,14,  80.1  ,  57.0  , 0.13G ,999.9,0,0,0,0,0,0
724050,13743,2023,5,15,65.6,24,41.1,24,1024.5,24,1022.2,24,10,24,7.6,24,12,20,  80.1  ,  55.9  , 0.00G ,999.9,0,0,0,0,0,0
724050,13743,2023,5,16,67.6,24,54.4,24,1012.9,24,1010.6,24,10,24,7.5,24,14,20,  79.0  ,  55.9  , 0.00G ,999.9,0,1,0,0,0,0
724050,13743,2023,5,17,69.5,24,52,24,1006.7,24,1003.2,19,10,24,8.2,24,17.1,24.1,  79.0  ,  57.9  , 0.00G ,999.9,0,0,0,0,0,0
724050,13743,2023,5,18,60.8,24,37.4,24,1021.8,24,1021.4,12,10,24,7.8,24,12,999.9,  75.0  ,  50.0  , 0.00G ,999.9,0,0,0,0,0,0
724050,13743,2023,5,19,64.4,24,50.7,24,1025,24,1023.3,12,10,24,7.5,24,14,19,  75.0  ,  50.0  , 0.00G ,999.9,0,0,0,0,0,0
724050,13743,2023,5,20,66.7,24,56.6,24,1017.7,23,1012.6,12,9.9,24,4.8,24,15,999.9,  81.0  ,  55.9  , 0.00G ,999.9,0,1,0,0,0,0
724050,13743,2023,5,21,67.9,24,53,24,1016.3,24,1013.8,24,9.8,24,9.7,24,15,22,  81.0  ,  57.0  , 0.17G ,999.9,0,1,0,0,0,0
724050,13743,2023,5,22,71,24,50.8,24,1019.8,24,1017.4,24,10,24,4.9,24,9.9,999.9,  82.0  ,  57.0  , 0.01G ,999.9,0,0,0,0,0,0
724050,13743,2023,5,23,68.3,24,52.7,24,1024.3,24,1021.9,24,9.8,24,7.2,24,11.1,15.9,  82.0  ,  57.9  , 0.00G ,999.9,0,0,0,0,0,0
724050,13743,2023,5,24,67.3,24,48.3,24,1019.6,24,1017.3,24,10,24,4.5,24,8,999.9,  82.0  ,  55.9  , 0.00G ,999.9,0,0,0,0,0,0
724050,13743,2023,5,25,67,24,45,24,1018.4,24,1016.1,24,10,24,10.4,24,18.1,27,  82.0  ,  55.9  , 0.00G ,999.9,0,0,0,0,0,0
724050,13743,2023,5,26,65.2,24,44.5,24,1023.6,24,1021.3,24,10,24,5.3,24,12,15.9,  75.9  ,  54.0  , 0.00G ,999.9,0,0,0,0,0,0
724050,13743,2023,5,27,66.8,24,43,24,1025.4,24,1023.1,24,10,24,6.4,24,13,19,  78.1  ,  54.0  , 0.00G ,999.9,0,0,0,0,0,0
724050,13743,2023,5,28,66.3,24,49.4,24,1021.1,24,1018.8,24,9.7,24,7.7,24,9.9,999.9,  78.1  ,  55.0  , 0.00G ,999.9,0,1,0,0,0,0
724050,13743,2023,5,29,68.4,24,61.1,24,1015.1,18,1012.6,24,9,24,7.8,24,15.9,22,  77.0  ,  59.0  , 0.48G ,999.9,0,1,0,0,0,0
724050,13743,2023,5,30,65.9,24,57.1,24,1019.6,20,1017.2,24,9.5,24,8.9,24,13,18.1,  77.0  ,  59.0  , 0.43G ,999.9,0,1,0,0,1,0
724050,13743,2023,5,31,66.8,24,49.2,24,1021.5,24,1019.2,23,9.5,24,6.1,24,8,999.9,  79.0  ,  55.9  , 0.04G ,999.9,0,0,0,0,0,0
724050,13743,2023,6,1,72.1,24,56.3,24,1019,23,1017.2,19,9.2,24,4.5,24,9.9,999.9,  84.9  ,  55.9  , 0.00G ,999.9,0,0,0,0,0,0
724050,13743,2023,6,2,77.1,24,58.8,24,1014.2,24,1011.8,24,7.7,24,3.3,24,8.9,999.9,  93.9  ,  59.0  , 0.00G ,999.9,0,0,0,0,0,0
724050,13743,2023,6,3,78,24,63.5,24,1011.4,24,1009.1,24,10,24,6.8,24,14,19,  93.9  ,  64.0  , 0.00G ,999.9,0,0,0,0,0,0
724050,13743,2023,6,4,66.5,24,53.7,24,1016.5,24,1014.2,24,10,24,8.2,24,15.9,22,  86.0  ,  61.0  , 0.00G ,999.9,0,0,0,0,0,0
724050,13743,2023,6,5,69.3,24,52.5,24,1013.6,24,1011.3,24,10,24,7.5,24,12,17.1,  81.0  ,  59.0  , 0.00G ,999.9,0,0,0,0,0,0
724050,13743,2023,6,6,72.3,24,46.5,24,1009.5,24,1007.2,24,8.3,24,6.7,24,14,22.9,  82.9  ,  59.0  , 0.00G ,999.9,0,0,0,0,0,0
724050,13743,2023,6,7,73.3,24,46.7,24,1005.3,23,1003.2,24,4.7,24,7,24,14,18.1,  82.9  ,  61.0  , 0.00G ,999.9,0,0,0,0,0,0
724050,13743,2023,6,8,69.6,24,46.3,24,1005.4,23,1003.1,24,3.1,24,6.3,24,12,999.9,  80.1  ,  61.0  , 0.00G ,999.9,0,0,0,0,0,0
724050,13743,2023,6,9,68.9,24,47,24,1008.9,24,1006.6,21,8.9,24,7.2,24,13,22.9,  79.0  ,  59.0  , 0.00G ,999.9,0,0,0,0,0,0
724050,13743,2023,6,10,72.3,24,48.2,24,1010.5,24,1007.9,12,10,24,6.3,24,13,19,  87.1  ,  57.9  , 0.00G ,999.9,0,0,0,0,0,0
724050,13743,2023,6,11,76.8,24,57.3,24,1010.5,24,1008.2,24,9.7,24,8.5,24,13,22,  91.0  ,  57.9  , 0.00G ,999.9,0,0,0,0,0,0
724050,13743,2023,6,12,76.3,24,64.2,24,1005.7,23,1003.1,24,9.1,24,10.8,24,15,24.1,  91.0  ,  66.0  , 0.00G ,999.9,0,1,0,0,0,0
724050,13743,2023,6,13,71.3,24,53.2,24,1007.4,24,1005.1,24,10,24,6.6,24,13,22,  82.9  ,  61.0  , 0.23G ,999.9,0,0,0,0,0,0
724050,13743,2023,6,14,72.2,24,53.8,24,1002.8,24,1000.5,24,9.8,24,9.8,24,21,29.9,  82.9  ,  61.0  , 0.00G ,999.9,0,1,0,0,0,0
724050,13743,2023,6,15,73.8,24,48.4,24,1005.7,24,1003.4,24,10,24,6.9,24,14,20,  84.9  ,  61.0  , 0.00G ,999.9,0,0,0,0,0,0
724050,13743,2023,6,16,73.5,24,57.1,24,1006,23,1003.7,24,9.5,24,4.7,24,21,28,  84.9  ,  61.0  , 0.00G ,999.9,0,1,0,0,0,0
724050,13743,2023,6,17,73.7,24,54.5,24,1008,24,1005.7,24,8.2,24,11.3,24,18.1,26,  84.0  ,  63.0  , 0.00G ,999.9,0,0,0,0,0,0
724050,13743,2023,6,18,76.4,24,48.5,24,1012,24,1009.7,24,8.1,24,5.4,24,9.9,14,  88.0  ,  63.0  , 0.00G ,999.9,0,0,0,0,0,0
724050,13743,2023,6,19,77.8,24,59.6,24,1014.3,23,1011.9,24,7.3,24,4.9,24,14,21,  90.0  ,  63.0  , 0.00G ,999.9,0,0,0,0,0,0
724050,13743,2023,6,20,76.7,24,65.1,24,1017.8,24,1015.4,24,7.7,24,9.4,24,17.1,25.1,  90.0  ,  66.0  , 0.00G ,999.9,0,0,0,0,0,0
724050,13743,2023,6,21,68.3,24,61.7,24,1019.9,19,1017.5,24,8.4,24,14.8,24,22,35,  75.9* ,  63.0* , 0.03G ,999.9,0,1,0,0,0,0
724050,13743,2023,6,22,64,24,61.1,24,1018.7,14,1016.5,24,5.9,24,11.1,24,17.1,29.9,  68.0* ,  60.8* , 0.43G ,999.9,0,1,0,0,0,0
724050,13743,2023,6,23,70.3,24,67.4,24,1015,14,1012.3,24,7.1,24,6.1,24,12,999.9,  80.1  ,  61.0  , 0.09G ,999.9,0,1,0,0,1,0
724050,13743,2023,6,24,76.8,24,69.5,24,1010.9,17,1008.9,24,9.8,24,4.6,24,8.9,999.9,  89.1  ,  66.0  , 0.14G ,999.9,0,1,0,0,0,0
724050,13743,2023,6,25,80.4,24,65.5,24,1010.4,24,1008,24,10,24,5.4,24,12,999.9,  91.0  ,  70.0  , 0.01G ,999.9,0,0,0,0,0,0
724050,13743,2023,6,26,80.9,24,70.2,24,1006.1,24,1003.8,24,9.8,24,8.4,24,11.1,999.9,  91.0  ,  70.0  , 0.00G ,999.9,0,0,0,0,0,0
724050,13743,2023,6,27,76.5,24,65.1,24,1004.6,20,1002.4,24,9.7,24,8,24,21,36.9,  89.1  ,  69.1  , 0.01G ,999.9,0,1,0,0,1,0
724050,13743,2023,6,28,74.3,24,62.6,24,1010.9,24,1008.3,24,7.2,24,7.1,24,14,21,  88.0  ,  68.0  , 0.82G ,999.9,0,0,0,0,1,0
724050,13743,2023,6,29,75.5,24,58.9,24,1016.6,23,1014.3,24,3.6,24,6.3,24,9.9,999.9,  87.1  ,  66.0  , 0.00G ,999.9,0,0,0,0,0,0
724050,13743,2023,6,30,77,24,66.7,24,1016.8,23,1014.5,22,4.8,24,8,24,19,27,  89.1  ,  66.0  , 0.00G ,999.9,0,1,0,0,1,0
724050,13743,2023,7,1,77.4,24,69.6,24,1016.1,21,1013.1,20,5.4,24,6.1,24,14,27,  89.1  ,  70.0  , 0.35G ,999.9,0,1,0,0,1,0
724050,13743,2023,7,2,79,24,73.1,24,1011.6,19,1009.5,24,9.4,24,7.2,24,11.1,999.9,  91.0  ,  72.0  , 0.26G ,999.9,0,0,0,0,0,0
724050,13743,2023,7,3,83.5,24,72.1,24,1010.9,23,1008.5,24,10,24,6.1,24,14,19,  91.9  ,  73.9  , 0.00G ,999.9,0,1,0,0,1,0
724050,13743,2023,7,4,81.2,24,70.6,24,1013,22,1010.5,24,9.7,24,6.1,24,15.9,29.9,  93.0  ,  72.0  , 0.91G ,999.9,0,1,0,0,1,0
724050,13743,2023,7,5,83.4,24,70.1,24,1015.2,23,1012.9,24,9.4,24,4.4,24,14,999.9,  93.0  ,  73.0  , 0.00G ,999.9,0,1,0,0,1,0
724050,13743,2023,7,6,82.1,24,72.2,24,1013.5,23,1011.2,24,9.5,24,3.7,24,18.1,26,  93.0  ,  75.0  , 0.00G ,999.9,0,1,0,0,1,0
724050,13743,2023,7,7,81,24,72.7,24,1010.8,23,1008.6,24,9.4,24,4.3,24,12,19,  90.0  ,  75.0  , 0.16G ,999.9,0,1,0,0,1,0
724050,13743,2023,7,8,81.9,24,72.7,24,1010.5,23,1008.1,24,9.7,24,5,24,22.9,28.9,  91.0  ,  75.0  , 0.77G ,999.9,0,1,0,0,1,0
724050,13743,2023,7,9,78.4,24,72.1,24,1009.2,22,1006.8,24,9.7,24,6,24,13,26,  91.0  ,  73.9  , 0.60G ,999.9,0,1,0,0,1,0
724050,13743,2023,7,10,77.8,24,65.9,24,1009.8,24,1007.4,24,10,24,7.1,24,13,15.9,  89.1  ,  71.1  , 0.14G ,999.9,0,0,0,0,0,0
724050,13743,2023,7,11,81.2,24,60.1,24,1013.2,24,1010.8,24,10,24,5,24,8.9,15.9,  91.9  ,  71.1  , 0.00G ,999.9,0,0,0,0,0,0
724050,13743,2023,7,12,82.5,24,62.8,24,1014.5,24,1012.2,24,10,24,5.5,24,11.1,21,  91.9  ,  71.1  , 0.00G ,999.9,0,0,0,0,0,0
724050,13743,2023,7,13,83.9,24,68.5,24,1011.6,23,1009.2,24,10,24,8.8,24,15.9,22.9,  93.9  ,  73.0  , 0.00G ,999.9,0,0,0,0,0,0
724050,13743,2023,7,14,83,24,68.6,24,1011.4,23,1009.1,24,9.6,24,9.9,24,31.1,52.1,  93.9  ,  71.1  , 0.00G ,999.9,0,1,0,0,1,0
724050,13743,2023,7,15,78.6,24,72.8,24,1012.9,24,1010.6,24,9.7,24,5.2,24,9.9,999.9,  91.0  ,  71.1  , 1.33G ,999.9,0,0,0,0,0,0
724050,13743,2023,7,16,79.8,24,73.4,24,1009.8,16,1007.5,24,9.7,24,4.4,24,17.1,22.9,  89.1  ,  72.9  , 0.11G ,999.9,0,1,0,0,0,0
724050,13743,2023,7,17,82.1,24,69.7,24,1013.3,24,1011,24,7.4,24,6.1,24,12,999.9,  88.0  ,  73.9  , 0.03G ,999.9,0,0,0,0,0,0
724050,13743,2023,7,18,82.2,24,66.8,24,1014.6,24,1012.2,24,7.1,24,6.2,24,11.1,15,  90.0  ,  73.0  , 0.00G ,999.9,0,0,0,0,0,0
724050,13743,2023,7,19,80.5,24,69.6,24,1015.5,23,1013.2,24,9.2,24,5.3,24,15,21,  90.0  ,  73.0  , 0.51G ,999.9,0,1,0,0,1,0
724050,13743,2023,7,20,81.6,24,69.5,24,1015.1,24,1012.8,24,9.2,24,5.2,24,9.9,999.9,  89.1  ,  72.0  , 0.00I ,999.9,0,0,0,0,0,0
724050,13743,2023,7,21,79.9,24,67.9,24,1009.4,22,1007,24,9.3,24,8,24,28,41,  89.1  ,  69.1  , 0.38G ,999.9,0,1,0,0,1,0
724050,13743,2023,7,22,78.8,24,61,24,1010.5,24,1008.1,24,10,24,7.2,24,11.1,999.9,  88.0  ,  69.1  , 0.00I ,999.9,0,0,0,0,0,0
724050,13743,2023,7,23,79,24,64.2,24,1013.8,24,1011.5,24,10,24,5.1,24,11.1,999.9,  88.0  ,  70.0  , 0.00G ,999.9,0,0,0,0,0,0
724050,13743,2023,7,24,79.2,24,68.7,24,1017.9,22,1015.6,24,10,24,7.3,24,9.9,999.9,  88.0  ,  70.0  , 0.05G ,999.9,0,1,0,0,1,0
724050,13743,2023,7,25,80.5,24,71.5,24,1018,19,1015.5,24,10,24,6.8,24,8.9,999.9,  91.9  ,  73.0  , 0.00H ,999.9,0,1,0,0,1,0
724050,13743,2023,7,26,78.7,24,68.9,24,1019.1,24,1016.8,24,9.8,24,4.8,24,9.9,999.9,  91.9  ,  70.0  , 0.00G ,999.9,0,1,0,0,0,0
724050,13743,2023,7,27,85,24,73.5,24,1015.8,24,1013.5,24,9.7,24,10.1,24,20,27,  96.1  ,  70.0  , 0.00G ,999.9,0,1,0,0,1,0
724050,13743,2023,7,28,86.4,24,73.8,24,1016.1,23,1013.7,24,9.8,24,4.4,24,14,17.1,  96.1  ,  79.0  , 0.01G ,999.9,0,1,0,0,1,0
724050,13743,2023,7,29,82.4,24,72,24,1012.3,22,1010.1,24,9.9,24,7.2,24,28,52.1,  97.0  ,  73.9  , 0.10G ,999.9,1,1,0,0,1,0
724050,13743,2023,7,30,80.2,24,62.2,24,1013.8,24,1011.5,23,10,24,7.1,24,15,22,  97.0  ,  73.0  , 0.48G ,999.9,0,0,0,0,0,0
724050,13743,2023,7,31,78,24,63.7,24,1015.3,24,1013,23,9.7,24,6.8,24,12,20,  87.1  ,  70.0  , 0.60G ,999.9,0,1,0,0,0,0
724050,13743,2023,8,1,75.2,24,57,24,1019.7,24,1017.8,20,10,24,6.5,24,11.1,15,  86.0  ,  66.9  , 0.00I ,999.9,0,0,0,0,0,0
724050,13743,2023,8,2,74.8,24,59.4,24,1022.3,24,1020,24,9.9,24,4.2,24,9.9,999.9,  84.0  ,  66.0  , 0.00G ,999.9,0,0,0,0,0,0
724050,13743,2023,8,3,73.7,24,61.1,24,1019.8,23,1017.3,24,10,24,10,24,20,26,  84.0  ,  66.0  , 0.00G ,999.9,0,1,0,0,0,0
724050,13743,2023,8,4,72,24,65.8,24,1014.9,20,1013,24,7.9,24,6.8,24,18.1,26,  81.0  ,  66.9  , 0.08G ,999.9,0,1,0,0,0,0
724050,13743,2023,8,5,78,24,68.2,24,1014.5,24,1012.2,24,9.9,24,3.6,24,8,999.9,  87.1  ,  68.0  , 0.00G ,999.9,0,0,0,0,0,0
724050,13743,2023,8,6,79.8,24,70.4,24,1015.5,23,1013,24,9.7,24,5.7,24,14,33,  89.1  ,  71.1  , 0.00G ,999.9,0,1,0,0,1,0
724050,13743,2023,8,7,78.6,24,72.8,24,1010.7,16,1008.8,24,8.8,24,9.1,24,32.1,45.1,  89.1  ,  72.0  , 0.82G ,999.9,0,1,0,0,1,0
724050,13743,2023,8,8,77.2,24,64.5,24,1007.9,22,1005.4,24,9.9,24,9.2,24,21,31.1,  89.1  ,  72.0  , 0.91G ,999.9,0,1,0,0,1,0
724050,13743,2023,8,9,79.3,24,60.9,24,1010.5,24,1008.2,24,10,24,6.7,24,12,21,  88.0  ,  71.1  , 0.00G ,999.9,0,1,0,0,1,0
724050,13743,2023,8,10,78.5,24,68.6,24,1007,24,1004.6,24,9.7,24,7.8,24,15,33,  88.0  ,  71.1  , 0.00G ,999.9,0,1,0,0,1,0
724050,13743,2023,8,11,78.8,24,65,24,1009.4,24,1007.1,24,10,24,4.9,24,8,17.1,  88.0  ,  69.1  , 0.15G ,999.9,0,1,0,0,0,0
724050,13743,2023,8,12,81,24,69.3,24,1012,24,1009.6,24,10,24,5.9,24,14,20,  91.0  ,  69.1  , 0.00G ,999.9,0,0,0,0,0,0
724050,13743,2023,8,13,84.3,24,69,24,1012.2,24,1009.9,24,10,24,8,24,15,22,  91.9  ,  73.9  , 0.00G ,999.9,0,0,0,0,0,0
724050,13743,2023,8,14,81.8,24,68.8,24,1014.2,24,1012,24,9.7,24,4.7,24,32.1,49.9,  91.0* ,  73.4* , 0.00G ,999.9,1,1,0,0,1,0
724050,13743,2023,8,15,80.6,24,74,24,1008.5,22,1006.3,24,9.8,24,6.2,24,15,20,  91.0  ,  73.9  , 0.90G ,999.9,0,1,0,0,1,0
724050,13743,2023,8,16,79,24,64.8,24,1012.3,24,1009.9,24,10,24,6.4,24,11.1,15.9,  88.0  ,  71.1  , 0.38G ,999.9,0,0,0,0,0,0
724050,13743,2023,8,17,80.5,24,67.8,24,1013,24,1010.7,24,10,24,5.1,24,12,999.9,  90.0  ,  71.1  , 0.00G ,999.9,0,1,0,0,0,0
724050,13743,2023,8,18,79.6,24,65.4,24,1009.4,24,1006.8,24,9.9,24,8.3,24,14,25.1,  90.0  ,  72.0  , 0.00G ,999.9,0,1,0,0,0,0
724050,13743,2023,8,19,73.7,24,51.5,24,1017.1,24,1014.8,24,10,24,6.6,24,9.9,18.1,  84.9  ,  64.0  , 0.00G ,999.9,0,0,0,0,0,0
724050,13743,2023,8,20,76.4,24,61.7,24,1019.6,24,1017.3,24,10,24,5.2,24,11.1,999.9,  88.0  ,  64.0  , 0.00G ,999.9,0,0,0,0,0,0
724050,13743,2023,8,21,81.6,24,67.7,24,1018.8,24,1016.4,24,10,24,4.9,24,9.9,15.9,  91.9  ,  66.0  , 0.00G ,999.9,0,0,0,0,0,0
724050,13743,2023,8,22,80.5,24,63.7,24,1018,24,1015.6,24,9.7,24,8.3,24,14,19,  91.9  ,  73.0  , 0.00G ,999.9,0,0,0,0,0,0
724050,13743,2023,8,23,74.3,24,56.7,24,1019.9,24,1017.6,24,10,24,4.9,24,12,999.9,  84.0  ,  63.0  , 0.00G ,999.9,0,0,0,0,0,0
724050,13743,2023,8,24,75.2,24,62,24,1016.3,24,1013.9,24,10,24,8.8,24,13,999.9,  82.9  ,  63.0  , 0.00G ,999.9,0,1,0,0,0,0
724050,13743,2023,8,25,80.5,24,69,24,1012.1,23,1009.6,24,10,24,7,24,18.1,38.1,  93.9  ,  70.0  , 0.00G ,999.9,0,1,0,0,1,0
724050,13743,2023,8,26,82.3,24,71.7,24,1010.2,24,1007.9,24,10,24,7,24,15,17.1,  93.9  ,  75.0  , 0.45G ,999.9,0,1,0,0,1,0
724050,13743,2023,8,27,81.6,24,66.3,24,1012,24,1009.7,24,10,24,6.4,24,13,999.9,  91.9  ,  75.0  , 0.00G ,999.9,0,0,0,0,0,0
724050,13743,2023,8,28,76.9,24,69,24,1014.5,24,1012.1,24,10,24,6.4,24,9.9,999.9,  89.1  ,  73.9  , 0.00G ,999.9,0,1,0,0,0,0
724050,13743,2023,8,29,76.1,24,70.5,24,1013.3,20,1011.3,24,9.5,24,6.1,24,13,21,  82.0  ,  73.0  , 0.01G ,999.9,0,1,0,0,0,0
724050,13743,2023,8,30,79.4,24,67.3,24,1008.8,23,1006.4,24,10,24,6.7,24,13,20,  86.0  ,  73.0  , 0.01G ,999.9,0,1,0,0,0,0
724050,13743,2023,8,31,74.7,24,53.7,24,1012.4,24,1009.9,23,10,24,11.8,24,17.1,24.1,  86.0  ,  66.9  , 0.00I ,999.9,0,0,0,0,0,0
724050,13743,2023,9,1,72.1,24,51.3,24,1022.9,24,1021.3,21,10,24,6.9,24,11.1,999.9,  82.9  ,  61.0  , 0.00G ,999.9,0,0,0,0,0,0
724050,13743,2023,9,2,72.4,24,58.3,24,1023.3,24,1021,24,10,24,6,24,12,999.9,  84.9  ,  61.0  , 0.00G ,999.9,0,0,0,0,0,0
724050,13743,2023,9,3,80,24,64.5,24,1016.9,24,1014.5,24,10,24,6.1,24,11.1,15,  97.0  ,  62.1  , 0.00G ,999.9,0,0,0,0,0,0
724050,13743,2023,9,4,85.8,24,67.6,24,1013.6,24,1011.3,24,10,24,5.3,24,11.1,19,  98.1  ,  68.0  , 0.00G ,999.9,0,0,0,0,0,0
724050,13743,2023,9,5,86.4,24,67.8,24,1014.2,24,1011.8,24,10,24,6.8,24,11.1,15,  99.0  ,  75.0  , 0.00G ,999.9,0,0,0,0,0,0
724050,13743,2023,9,6,86.2,24,69.5,24,1012.7,24,1010.3,24,10,24,3.4,24,7,999.9,  99.0  ,  75.0  , 0.00G ,999.9,0,0,0,0,0,0
724050,13743,2023,9,7,85.7,24,72.2,24,1009,24,1006.6,24,9.7,24,6.2,24,14,21,  98.1  ,  75.0  , 0.00G ,999.9,0,1,0,0,1,0
724050,13743,2023,9,8,81.9,24,68.9,24,1012,23,1009.5,24,10,24,5.9,24,13,999.9,  98.1  ,  72.0  , 0.00G ,999.9,0,1,0,0,1,0
724050,13743,2023,9,9,76.1,24,67.9,24,1016.9,16,1014.6,24,9.4,24,6.3,24,20,28.9,  93.0  ,  70.0  , 0.57G ,999.9,0,1,0,0,1,0
724050,13743,2023,9,10,74.2,24,68.3,24,1018.2,22,1016,24,10,24,2.8,24,6,999.9,  88.0  ,  70.0  , 0.59G ,999.9,0,1,0,0,0,0
724050,13743,2023,9,11,78.2,24,68.5,24,1016.2,21,1013.9,24,9.6,24,5,24,11.1,21,  89.1  ,  71.1  , 0.14G ,999.9,0,1,0,0,1,0
724050,13743,2023,9,12,79,24,68.3,24,1015.9,24,1013.6,24,10,24,4,24,8.9,999.9,  89.1  ,  71.1  , 0.02G ,999.9,0,0,0,0,0,0
724050,13743,2023,9,13,77.2,24,64.8,24,1014,24,1011.6,24,10,24,6.8,24,14,21,  88.0  ,  71.1  , 0.00G ,999.9,0,1,0,0,1,0
724050,13743,2023,9,14,74.9,24,54.8,24,1017.1,24,1014.8,24,10,24,8.1,24,13,18.1,  84.9  ,  66.0  , 0.00G ,999.9,0,1,0,0,0,0
724050,13743,2023,9,15,68.8,24,48.7,24,1018.8,24,1016.4,24,10,24,11.4,24,14,22,  82.0  ,  57.9  , 0.00G ,999.9,0,0,0,0,0,0
724050,13743,2023,9,16,69.4,24,50,24,1016.5,24,1014.4,24,10,24,7.6,24,14,19,  81.0  ,  57.9  , 0.00G ,999.9,0,0,0,0,0,0
724050,13743,2023,9,17,69,24,58.6,24,1013.5,24,1011.2,24,10,24,5.1,24,14,24.1,  81.0  ,  57.9  , 0.00G ,999.9,0,1,0,0,0,0
724050,13743,2023,9,18,69,24,58.6,24,1010.3,21,1007.9,24,10,24,8.4,24,15.9,22.9,  80.1  ,  62.1  , 0.04G ,999.9,0,1,0,0,0,0
724050,13743,2023,9,19,70.4,24,52.1,24,1015.9,24,1013.6,24,10,24,8.9,24,14,21,  80.1  ,  62.1  , 0.01G ,999.9,0,0,0,0,0,0
724050,13743,2023,9,20,69.4,24,51.8,24,1021.2,24,1018.9,24,10,24,3,24,7,999.9,  81.0  ,  57.9  , 0.00G ,999.9,0,0,0,0,0,0
724050,13743,2023,9,21,70.3,24,55.4,24,1023.5,24,1021.2,24,10,24,3.6,24,7,999.9,  81.0  ,  57.9  , 0.00G ,999.9,0,0,0,0,0,0
724050,13743,2023,9,22,68.1,24,56.1,24,1024.2,24,1021.9,24,10,24,10.2,24,19,24.1,  80.1  ,  60.1  , 0.00G ,999.9,0,1,0,0,0,0
724050,13743,2023,9,23,62.4,24,57.2,24,1016.2,19,1013.2,24,6.4,24,18.1,24,24.1,33,  75.0  ,  59.0  , 0.51G ,999.9,0,1,0,0,0,0
724050,13743,2023,9,24,65.7,24,62.9,24,1010.8,17,1007.9,24,6.6,24,7.8,24,21,31.1,  69.1  ,  59.0  , 1.72G ,999.9,0,1,0,0,0,0
724050,13743,2023,9,25,66.3,24,60.4,24,1015.9,18,1013.6,24,9.5,24,7.6,24,12,999.9,  70.0  ,  62.1  , 0.09G ,999.9,0,1,0,0,0,0
724050,13743,2023,9,26,61.1,24,58.3,24,1023.7,14,1021.5,24,6.4,24,9.1,24,14,999.9,  70.0  ,  59.0  , 0.04G ,999.9,0,1,0,0,0,0
724050,13743,2023,9,27,62.8,24,53.7,24,1025.6,21,1023.5,24,10,24,8.3,24,12,999.9,  71.1  ,  59.0  , 0.02G ,999.9,0,0,0,0,0,0
724050,13743,2023,9,28,62.2,24,54.1,24,1023.3,19,1021,24,9.9,24,7,24,9.9,999.9,  70.0* ,  55.0* , 0.00G ,999.9,0,0,0,0,0,0
724050,13743,2023,9,29,65.4,24,59.6,24,1020.2,20,1018.1,24,9.2,24,9.2,24,15,999.9,  72.0  ,  55.0  , 0.00G ,999.9,0,1,0,0,0,0
724050,13743,2023,9,30,68.6,24,60.6,24,1021.2,21,1018.7,24,10,24,7.6,24,13,999.9,  75.9  ,  62.1  , 0.00G ,999.9,0,1,0,0,0,0
724050,13743,2023,10,1,71.3,24,59.8,24,1023,24,1020.7,24,10,24,5.2,24,13,17.1,  82.0  ,  62.1  , 0.00G ,999.9,0,0,0,0,0,0
724050,13743,2023,10,2,72.5,24,59.5,24,1022.4,24,1020.1,24,10,24,4.2,24,8,999.9,  84.9  ,  62.1  , 0.00G ,999.9,0,0,0,0,0,0
724050,13743,2023,10,3,73.8,24,62.3,24,1022.1,24,1019.7,24,9.7,24,1.6,24,7,999.9,  86.0  ,  63.0  , 0.00G ,999.9,0,0,0,0,0,0
724050,13743,2023,10,4,72.3,24,62.3,24,1022.1,24,1019.8,24,9.4,24,3.3,24,8,999.9,  86.0  ,  64.0  , 0.00G ,999.9,1,0,0,0,0,0
724050,13743,2023,10,5,69.2,24,60.5,24,1021.9,22,1020,24,9.9,24,4.2,24,8.9,999.9,  82.9  ,  61.0  , 0.00G ,999.9,0,0,0,0,0,0
724050,13743,2023,10,6,72.1,24,66.3,24,1015.8,21,1013.7,24,9.9,24,3.3,24,7,999.9,  80.1  ,  61.0  , 0.00G ,999.9,0,1,0,0,0,0
724050,13743,2023,10,7,67,24,56.8,24,1010,24,1007.7,24,9.7,24,8.9,24,17.1,28,  79.0  ,  57.9  , 0.01G ,999.9,0,1,0,0,0,0
724050,13743,2023,10,8,56,24,37.1,24,1009.7,24,1007.3,24,10,24,9.1,24,17.1,27,  70.0  ,  46.9  , 0.06G ,999.9,0,0,0,0,0,0
724050,13743,2023,10,9,54.9,24,38.1,24,1010.5,24,1008.1,24,10,24,6.9,24,12,18.1,  66.0  ,  46.0  , 0.00G ,999.9,0,1,0,0,0,0
724050,13743,2023,10,10,58.6,24,46.4,24,1010.3,24,1008,24,10,24,6.2,24,12,15.9,  72.0  ,  46.0  , 0.00G ,999.9,0,0,0,0,0,0
724050,13743,2023,10,11,61.5,24,45,24,1011.5,24,1009.2,24,10,24,4.6,24,8.9,999.9,  73.0  ,  48.9  , 0.00G ,999.9,0,0,0,0,0,0
724050,13743,2023,10,12,63.3,24,47,24,1012.5,24,1010.2,24,9.9,24,2.5,24,7,999.9,  75.0  ,  50.0  , 0.00G ,999.9,0,0,0,0,0,0
724050,13743,2023,10,13,63.5,24,49.2,24,1014.5,24,1012.3,24,10,24,4.5,24,8.9,999.9,  75.0  ,  52.0  , 0.00G ,999.9,0,0,0,0,0,0
724050,13743,2023,10,14,60.1,24,53.2,24,1010.5,19,1007.1,24,8.7,24,4.3,24,15,999.9,  72.0  ,  55.0  , 0.03G ,999.9,0,1,0,0,0,0
724050,13743,2023,10,15,56.3,24,46.8,24,1003.4,21,1000.6,24,9.1,24,12,24,18.1,26,  63.0  ,  50.0  , 0.45G ,999.9,0,1,0,0,0,0
724050,13743,2023,10,16,54.6,24,42,24,1007,24,1004.6,24,10,24,8.5,24,14,20,  64.0* ,  48.0* , 0.03G ,999.9,0,0,0,0,0,0
724050,13743,2023,10,17,56.7,24,46.3,24,1013.4,24,1011,24,10,24,8.4,24,12,18.1,  63.0* ,  51.1* , 0.00G ,999.9,0,1,0,0,0,0
724050,13743,2023,10,18,56.3,24,44,24,1021.1,24,1018.7,24,10,24,4.5,24,8.9,15.9,  64.9  ,  48.0  , 0.00G ,999.9,0,0,0,0,0,0
724050,13743,2023,10,19,58.4,24,48.7,24,1020.1,24,1017.7,24,10,24,4.8,24,13,999.9,  71.1  ,  48.0  , 0.00G ,999.9,0,0,0,0,0,0
724050,13743,2023,10,20,61.3,24,53.5,24,1007.9,21,1005.8,24,10,24,8.7,24,11.1,999.9,  71.1  ,  48.9  , 0.00G ,999.9,0,1,0,0,0,0
724050,13743,2023,10,21,60.4,24,48.9,24,998.8,23,996.4,24,9.9,24,10.5,24,20,33,  68.0  ,  55.0  , 0.03G ,999.9,0,1,0,0,0,0
724050,13743,2023,10,22,57.3,24,40.3,24,1007.1,23,1004.7,24,10,24,8.1,24,19,29.9,  68.0  ,  48.9  , 0.00G ,999.9,0,0,0,0,0,0
724050,13743,2023,10,23,54.7,24,34.1,24,1021,24,1018.7,24,10,24,7.7,24,13,21,  64.9  ,  45.0  , 0.00G ,999.9,0,0,0,0,0,0
724050,13743,2023,10,24,55,24,42.3,24,1027.5,24,1025.1,24,10,24,4.1,24,8.9,999.9,  71.1  ,  43.0  , 0.00G ,999.9,0,0,0,0,0,0
724050,13743,2023,10,25,60.4,24,45.5,24,1026.9,24,1024.5,24,10,24,5.5,24,8.9,999.9,  78.1  ,  43.0  , 0.00G ,999.9,0,0,0,0,0,0
724050,13743,2023,10,26,65.5,24,50.6,24,1024.7,24,1022.4,24,10,24,4.9,24,8.9,999.9,  78.1  ,  48.9  , 0.00G ,999.9,0,0,0,0,0,0
724050,13743,2023,10,27,68.4,24,57.9,24,1021.7,24,1019.4,24,10,24,4.6,24,8.9,999.9,  82.0  ,  55.0  , 0.00G ,999.9,0,0,0,0,0,0
724050,13743,2023,10,28,70.5,24,59.9,24,1018.6,24,1016.3,24,10,24,4.7,24,8.9,999.9,  86.0  ,  60.1  , 0.00G ,999.9,0,0,0,0,0,0
724050,13743,2023,10,29,70.4,24,61.7,24,1016.5,24,1014.3,24,10,24,4.9,24,9.9,999.9,  86.0  ,  60.1  , 0.00G ,999.9,0,0,0,0,0,0
724050,13743,2023,10,30,64.7,24,57.4,24,1010.8,24,1008.5,24,9.9,24,8.2,24,20,28.9,  79.0* ,  55.9* , 0.04G ,999.9,0,1,0,0,0,0
724050,13743,2023,10,31,52.3,24,34.8,24,1018.2,24,1015.9,24,10,24,8.9,24,14,24.1,  55.9* ,  46.9* , 0.03G ,999.9,0,1,0,0,0,0
724050,13743,2023,11,1,45.3,24,27.6,24,1019.4,24,1017,24,10,24,10.7,24,20,29.9,  55.0  ,  39.9  , 0.00G ,999.9,0,0,0,0,0,0
724050,13743,2023,11,2,43.4,24,23.2,24,1031.4,24,1029.1,24,10,24,6.4,24,9.9,999.9,  53.1  ,  34.0  , 0.00G ,999.9,0,0,0,0,0,0
724050,13743,2023,11,3,47.8,24,32.2,24,1031.6,24,1029.2,24,10,24,7.7,24,11.1,999.9,  60.1  ,  34.0  , 0.00G ,999.9,0,0,0,0,0,0
724050,13743,2023,11,4,52.8,24,36,24,1024.9,24,1022.5,24,10,24,3.8,24,8,999.9,  71.1  ,  37.9  , 0.00G ,999.9,0,0,0,0,0,0
724050,13743,2023,11,5,56.7,24,41.2,24,1018.2,24,1015.8,24,10,24,2.9,24,11.1,15,  73.0  ,  41.0  , 0.00G ,999.9,0,0,0,0,0,0
724050,13743,2023,11,6,56.1,24,40.6,24,1019.7,24,1017.3,24,10,24,5,24,8.9,999.9,  73.0  ,  44.1  , 0.00G ,999.9,0,0,0,0,0,0
724050,13743,2023,11,7,61.9,24,49.6,24,1011.7,24,1009.4,24,9.9,24,6.1,24,11.1,999.9,  75.9  ,  48.0  , 0.00G ,999.9,0,0,0,0,0,0
724050,13743,2023,11,8,59.1,24,39.5,24,1016.7,24,1014.4,24,10,24,6.8,24,11.1,999.9,  75.9  ,  48.9  , 0.00G ,999.9,0,0,0,0,0,0
724050,13743,2023,11,9,58.9,24,48.5,24,1013,24,1010.7,24,9.7,24,6,24,9.9,999.9,  75.0  ,  48.9  , 0.00G ,999.9,0,1,0,0,0,0
724050,13743,2023,11,10,53.4,24,42.3,24,1019.9,20,1018.1,24,9.5,24,6.9,24,12,15.9,  64.9* ,  44.6* , 0.00G ,999.9,0,1,0,0,0,0
724050,13743,2023,11,11,47.4,24,38.2,24,1026.5,24,1024.2,24,10,24,3.8,24,8.9,999.9,  61.0  ,  37.9  , 0.17G ,999.9,0,0,0,0,0,0
724050,13743,2023,11,12,46.8,24,34,24,1031,24,1028.7,24,10,24,4.5,24,11.1,999.9,  61.0  ,  37.9  , 0.00G ,999.9,0,0,0,0,0,0
724050,13743,2023,11,13,44.5,24,33.6,24,1028.6,24,1026.3,24,10,24,4.9,24,12,999.9,  55.0  ,  35.1  , 0.00G ,999.9,0,0,0,0,0,0
724050,13743,2023,11,14,50.9,24,33.9,24,1026.2,24,1023.9,24,10,24,7.2,24,12,20,  61.0  ,  35.1  , 0.00G ,999.9,0,0,0,0,0,0
724050,13743,2023,11,15,48.8,24,36.8,24,1030,24,1027.6,24,10,24,4.7,24,12,17.1,  61.0  ,  39.9  , 0.00G ,999.9,0,0,0,0,0,0
724050,13743,2023,11,16,53.6,24,37.4,24,1025.5,24,1023.2,24,10,24,5.1,24,8.9,999.9,  70.0  ,  39.9  , 0.00G ,999.9,0,0,0,0,0,0
724050,13743,2023,11,17,56.4,24,45.8,24,1018.5,24,1016.2,24,9.9,24,4.9,24,13,19,  71.1  ,  41.0  , 0.00G ,999.9,0,0,0,0,0,0
724050,13743,2023,11,18,58.1,24,46.4,24,1009.7,24,1007.3,24,10,24,8.1,24,17.1,29.9,  71.1  ,  46.9  , 0.02G ,999.9,0,1,0,0,0,0
724050,13743,2023,11,19,49.9,24,27.9,24,1015.5,24,1013.2,24,10,24,6.5,24,14,19,  61.0  ,  39.0  , 0.01G ,999.9,0,0,0,0,0,0
724050,13743,2023,11,20,46.5,24,29.7,24,1024.7,24,1022.3,24,10,24,5.1,24,9.9,999.9,  61.0  ,  39.0  , 0.00G ,999.9,0,0,0,0,0,0
724050,13743,2023,11,21,45.5,24,36.8,24,1028.8,18,1024.7,24,7.9,24,7.1,24,17.1,24.1,  57.2* ,  39.9* , 0.00G ,999.9,0,1,0,0,0,0
724050,13743,2023,11,22,54.9,24,48,24,1009.6,23,1007.4,24,8.2,24,9.3,24,18.1,29.9,  61.0  ,  39.0  , 2.16G ,999.9,0,1,0,0,0,0
724050,13743,2023,11,23,51.2,24,34.3,24,1013.2,24,1010.9,24,10,24,9,24,14,25.1,  61.0  ,  45.0  , 0.02G ,999.9,0,0,0,0,0,0
724050,13743,2023,11,24,48.2,24,34.3,24,1020.8,24,1018.5,24,10,24,6.2,24,12,15,  59.0  ,  41.0  , 0.00G ,999.9,0,0,0,0,0,0
724050,13743,2023,11,25,40.7,24,21.8,24,1029,24,1026.7,24,10,24,8.6,24,15.9,999.9,  55.9  ,  34.0  , 0.00G ,999.9,0,0,0,0,0,0
724050,13743,2023,11,26,40.1,24,31.7,24,1023.9,20,1020.5,24,8.3,24,2.9,24,6,999.9,  46.9  ,  34.0  , 0.00G ,999.9,0,1,0,0,0,0
724050,13743,2023,11,27,44.5,24,34.6,24,1010.7,23,1008.2,24,9.4,24,7.6,24,18.1,29.9,  51.1  ,  35.1  , 0.16G ,999.9,0,1,0,0,0,0
724050,13743,2023,11,28,37.6,24,16.8,24,1015.6,24,1013.3,24,10,24,11.3,24,22,35,  51.1  ,  30.9  , 0.00G ,999.9,0,0,0,0,0,0
724050,13743,2023,11,29,31.4,24,10.4,24,1022.8,24,1020.5,24,10,24,6.9,24,14,21,  43.0  ,  24.1  , 0.00G ,999.9,0,0,0,0,0,0
724050,13743,2023,11,30,40.6,24,22.2,24,1021,24,1018.7,24,10,24,6.4,24,8.9,999.9,  55.0  ,  24.1  , 0.00G ,999.9,0,0,0,0,0,0
724050,13743,2023,12,1,45.3,24,34.6,24,1020.7,23,1018.3,24,9.6,24,5.4,24,9.9,999.9,  55.0  ,  30.9  , 0.00G ,999.9,0,1,0,0,0,0
724050,13743,2023,12,2,48.6,24,46.7,24,1017,14,1014.6,24,4.3,24,3.6,24,7,999.9,  54.0  ,  37.0  , 0.13G ,999.9,1,1,0,0,0,0
724050,13743,2023,12,3,52.7,24,51.4,24,1009.1,13,1007.5,24,3.1,24,2.3,24,8,999.9,  55.0  ,  45.0  , 0.81G ,999.9,1,1,0,0,0,0
724050,13743,2023,12,4,51,24,39.4,24,1010.6,20,1007.5,24,8.7,24,4.8,24,13,20,  55.9  ,  44.1  , 0.04G ,999.9,1,0,0,0,0,0
724050,13743,2023,12,5,45.9,24,30.5,24,1017,24,1014.6,24,10,24,4.9,24,8.9,999.9,  55.9  ,  39.0  , 0.00G ,999.9,0,0,0,0,0,0
724050,13743,2023,12,6,43,24,31.1,24,1017.3,23,1014.8,24,9.9,24,8.9,24,15.9,24.1,  51.1  ,  39.0  , 0.00G ,999.9,0,1,1,0,0,0
724050,13743,2023,12,7,39.5,24,24.9,24,1019.7,24,1017.4,24,10,24,6.5,24,13,18.1,  46.0  ,  32.0  , 0.00G ,999.9,0,0,0,0,0,0
724050,13743,2023,12,8,45.6,24,33.1,24,1020,24,1017.7,24,9.9,24,3,24,8,999.9,  57.9  ,  32.0  , 0.00G ,999.9,0,0,0,0,0,0
724050,13743,2023,12,9,46.2,24,37.4,24,1021.3,24,1018.9,24,9.9,24,3.2,24,6,999.9,  57.9  ,  36.0  , 0.00G ,999.9,0,0,0,0,0,0
724050,13743,2023,12,10,55.9,24,51.3,24,1015.5,16,1011.6,24,8.3,24,5.8,24,9.9,999.9,  63.0  ,  36.0  , 0.00G ,999.9,1,1,0,0,0,0
724050,13743,2023,12,11,43.6,24,34.6,24,1014.6,18,1010.4,24,8,24,11.6,24,21,34,  63.0  ,  34.0  , 1.68G ,999.9,0,1,1,0,0,0
724050,13743,2023,12,12,38.6,24,24.9,24,1029.3,24,1027,24,10,24,6.6,24,12,17.1,  48.9  ,  30.9  , 0.47G ,999.9,0,0,0,0,0,0
724050,13743,2023,12,13,41.9,24,25.1,24,1033.5,24,1031.2,24,10,24,6.6,24,13,19,  53.1  ,  30.9  , 0.00G ,999.9,0,0,0,0,0,0
724050,13743,2023,12,14,39.7,24,18.4,24,1039,24,1036.6,24,10,24,4,24,9.9,999.9,  53.1  ,  28.9  , 0.00G ,999.9,0,0,0,0,0,0
724050,13743,2023,12,15,43.9,24,25.1,24,1033.8,24,1031.5,24,10,24,5.2,24,9.9,15,  61.0  ,  28.9  , 0.00G ,999.9,0,0,0,0,0,0
724050,13743,2023,12,16,45.8,24,33,24,1031.2,24,1028.8,24,10,24,2.4,24,6,999.9,  61.0  ,  33.1  , 0.00G ,999.9,0,0,0,0,0,0
724050,13743,2023,12,17,47.7,24,42.9,24,1022.9,20,1020.7,24,6.1,24,5.2,24,9.9,15.9,  61.0  ,  35.1  , 0.00G ,999.9,0,1,0,0,0,0
724050,13743,2023,12,18,53.2,24,43.2,24,997.1,18,993.9,24,7.3,24,14.6,24,22.9,39,  57.0  ,  42.1  , 2.41G ,999.9,0,1,0,0,0,0
724050,13743,2023,12,19,40.5,24,21.6,24,1014.9,24,1012.6,24,10,24,11.7,24,18.1,29.9,  57.0  ,  36.0  , 0.49G ,999.9,0,0,0,0,0,0
724050,13743,2023,12,20,36.7,24,18.5,24,1030.6,24,1028.3,24,10,24,7.1,24,11.1,15,  48.9  ,  28.9  , 0.00G ,999.9,0,0,0,0,0,0
724050,13743,2023,12,21,40.1,24,25.1,24,1031,24,1028.7,24,10,24,3.2,24,9.9,999.9,  48.9  ,  28.9  , 0.00G ,999.9,0,0,0,0,0,0
724050,13743,2023,12,22,42.2,24,29.3,24,1030.5,24,1028.2,24,9.9,24,3.3,24,8,999.9,  50.0  ,  32.0  , 0.00G ,999.9,0,0,0,0,0,0
724050,13743,2023,12,23,42.8,24,35.5,24,1030.6,24,1028.3,24,10,24,4.1,24,8,999.9,  50.0  ,  36.0  , 0.00G ,999.9,0,0,0,0,0,0
724050,13743,2023,12,24,45.4,24,39.4,24,1029.3,24,1027,24,10,24,2.1,24,6,999.9,  51.1  ,  37.0  , 0.00G ,999.9,0,1,0,0,0,0
724050,13743,2023,12,25,47.8,24,40.6,24,1028.6,23,1026.4,24,9.2,24,3.2,24,6,999.9,  61.0  ,  39.9  , 0.01G ,999.9,0,0,0,0,0,0
724050,13743,2023,12,26,47,24,43.1,24,1025.7,18,1023.6,24,7.5,24,4.5,24,8,999.9,  61.0  ,  39.9  , 0.02G ,999.9,1,1,0,0,0,0
724050,13743,2023,12,27,48.9,24,47.2,24,1019.2,14,1014.6,24,6.5,24,6.3,24,8.9,999.9,  55.9  ,  44.1  , 0.17G ,999.9,0,1,0,0,0,0
724050,13743,2023,12,28,53.1,24,50.3,24,1006.8,16,1004.4,24,7.2,24,6,24,11.1,15.9,  57.9  ,  46.0  , 1.16G ,999.9,0,1,0,0,0,0
724050,13743,2023,12,29,51.3,24,38.1,24,1007.5,24,1005.2,24,10,24,5.6,24,9.9,999.9,  57.9  ,  45.0  , 0.04G ,999.9,0,0,0,0,0,0
724050,13743,2023,12,30,44.9,24,28.7,24,1008.4,24,1006.1,24,10,24,8.3,24,14,21,  55.9  ,  37.0  , 0.00G ,999.9,0,0,0,0,0,0
724050,13743,2023,12,31,45.2,24,28.3,24,1015.6,24,1013.3,24,10,24,7.4,24,15.9,27,  51.1  ,  37.0  , 0.00G ,999.9,0,0,0,0,0,0
